frame,resid,ground,excited,delta
frame0,14,0.101245,0.10140000000000002,0.00015500000000001624
frame0,42,-0.28474599999999983,-0.28480000000000005,-5.400000000022054e-05
frame0,43,-0.390143,-0.3902,-5.699999999997374e-05
frame0,44,-0.0427570000000001,-0.04270000000000007,5.700000000002925e-05
frame0,46,0.09789400000000001,0.0981000000000001,0.000206000000000095
frame0,62,-0.2021780000000001,-0.20200000000000007,0.00017800000000003924
frame0,63,-0.05949800000000002,-0.059200000000000225,0.0002979999999997984
frame0,64,0.14594600000000013,0.15019999999999992,0.004253999999999786
frame0,65,-0.0644090000000001,-0.07130000000000004,-0.006890999999999939
frame0,67,-0.18049599999999993,-0.18579999999999997,-0.005304000000000031
frame0,68,0.6969070000000002,0.7047000000000001,0.007792999999999939
frame0,89,-0.207792,-0.20769999999999994,9.200000000006425e-05
frame0,91,-0.364827,-0.3646,0.00022700000000003273
frame0,93,0.793443,0.7967,0.0032569999999999544
frame0,107,-0.10771999999999998,-0.10870000000000002,-0.0009800000000000364
frame0,142,-1.2736040000000002,-1.2737,-9.599999999987396e-05
frame0,143,-0.5621470000000002,-0.5619999999999999,0.00014700000000023028
frame0,144,-0.29188000000000003,-0.2920999999999999,-0.00021999999999988695
frame0,159,0.11613800000000002,0.11590000000000004,-0.00023799999999997434
frame0,161,-0.166248,-0.16609999999999997,0.000148000000000037
frame0,179,-0.16219100000000003,-0.16230000000000006,-0.00010900000000002574
frame0,195,0.024445000000000022,0.031199999999999978,0.0067549999999999555
frame0,196,0.9771299999999999,0.9778,0.0006700000000000594
frame0,197,0.08856199999999997,0.08910000000000007,0.000538000000000094
frame0,211,0.031157000000000046,0.03079999999999994,-0.00035700000000010723
frame0,212,-0.013368000000000026,-0.013399999999999891,-3.199999999986547e-05
frame0,213,-0.5720259999999999,-0.5673,0.004725999999999897
frame0,214,0.798587,0.7984999999999998,-8.70000000002813e-05
frame0,215,-0.202726,-0.2026000000000001,0.0001259999999998762
frame1,14,0.08298699999999992,0.0829,-8.699999999992047e-05
frame1,42,-0.39972500000000005,-0.39990000000000014,-0.00017500000000009175
frame1,43,-0.38484499999999994,-0.3849000000000001,-5.500000000013827e-05
frame1,44,-0.05055399999999999,-0.050600000000000034,-4.6000000000046004e-05
frame1,46,0.052452999999999944,0.05240000000000002,-5.2999999999921166e-05
frame1,62,-0.262466,-0.2624,6.599999999995498e-05
frame1,63,-0.15348300000000004,-0.15279999999999988,0.0006830000000001557
frame1,64,0.0683380000000001,0.07299999999999993,0.004661999999999833
frame1,65,0.05125099999999999,0.04559999999999992,-0.005651000000000073
frame1,67,-0.07998799999999999,-0.08720000000000003,-0.007212000000000038
frame1,68,0.7565870000000001,0.7598999999999999,0.0033129999999997883
frame1,89,-0.22420599999999996,-0.2244,-0.00019400000000002748
frame1,91,-0.29836200000000007,-0.2985,-0.00013799999999991597
frame1,93,0.8089620000000002,0.8116999999999999,0.002737999999999685
frame1,107,-0.15696200000000002,-0.15719999999999995,-0.0002379999999999327
frame1,142,-1.229344,-1.2294,-5.6000000000056005e-05
frame1,143,-0.5641439999999999,-0.5640000000000001,0.00014399999999981095
frame1,144,-0.20074299999999998,-0.20100000000000007,-0.0002570000000000905
frame1,159,0.10477999999999998,0.10459999999999997,-0.00018000000000001348
frame1,161,-0.159568,-0.158,0.001567999999999986
frame1,179,-0.16669100000000003,-0.16669999999999996,-8.999999999925734e-06
frame1,195,0.0567679999999999,0.08000000000000004,0.02323200000000014
frame1,196,0.9601510000000001,0.9625000000000004,0.0023490000000002675
frame1,197,0.07798699999999995,0.07660000000000003,-0.001386999999999916
frame1,211,0.009473000000000065,0.009199999999999986,-0.00027300000000007874
frame1,212,-0.010030999999999977,-0.009999999999999856,3.100000000012121e-05
frame1,213,-0.651009,-0.6323000000000001,0.018708999999999865
frame1,214,0.8087049999999998,0.8087000000000001,-4.999999999699689e-06
frame1,215,-0.22875600000000004,-0.22840000000000002,0.00035600000000002296
frame2,14,0.07089399999999993,0.07079999999999995,-9.399999999998299e-05
frame2,42,-0.29488899999999996,-0.29489999999999994,-1.0999999999983245e-05
frame2,43,-0.376766,-0.3768,-3.4000000000034e-05
frame2,44,-0.044758000000000076,-0.04460000000000003,0.000158000000000047
frame2,46,0.10205699999999998,0.10199999999999995,-5.700000000002925e-05
frame2,62,-0.21566599999999997,-0.2156,6.599999999995498e-05
frame2,63,-0.1203939999999998,-0.12030000000000005,9.399999999976094e-05
frame2,64,0.05627299999999996,0.06169999999999992,0.00542699999999996
frame2,65,0.03848299999999996,0.033599999999999866,-0.004883000000000096
frame2,67,-0.0855000000000001,-0.09220000000000003,-0.006699999999999928
frame2,68,0.7891040000000001,0.7947,0.005595999999999823
frame2,89,-0.213522,-0.21349999999999997,2.2000000000022002e-05
frame2,91,-0.24484300000000012,-0.24500000000000008,-0.00015699999999996272
frame2,93,0.7850809999999999,0.7887000000000001,0.00361900000000015
frame2,107,-0.20551800000000003,-0.2064,-0.0008819999999999661
frame2,142,-1.2259699999999998,-1.2262,-0.0002300000000001745
frame2,143,-0.5352459999999999,-0.535,0.00024599999999985744
frame2,144,-0.306272,-0.3062,7.199999999996098e-05
frame2,159,0.097271,0.09720000000000004,-7.099999999995998e-05
frame2,161,-0.1287300000000001,-0.13020000000000004,-0.0014699999999999436
frame2,179,-0.19273099999999996,-0.19270000000000004,3.099999999991998e-05
frame2,195,0.07561299999999999,0.0763,0.0006870000000000209
frame2,196,0.9345589999999999,0.9346999999999999,0.00014099999999994672
frame2,197,0.04553600000000004,0.04639999999999998,0.0008639999999999412
frame2,211,-0.021943000000000046,-0.02240000000000003,-0.0004569999999999852
frame2,212,-0.03581100000000007,-0.03580000000000009,1.0999999999983245e-05
frame2,213,-0.618879,-0.6196999999999999,-0.0008209999999999607
frame2,214,0.7593859999999999,0.7590000000000001,-0.0003859999999997754
frame2,215,-0.27527900000000005,-0.2753,-2.0999999999937735e-05
frame3,14,0.09182600000000002,0.09160000000000004,-0.00022599999999997622
frame3,42,-0.2999379999999999,-0.3002,-0.0002620000000000955
frame3,43,-0.3376250000000001,-0.3376,2.500000000010827e-05
frame3,44,-0.06073200000000001,-0.06070000000000002,3.199999999999037e-05
frame3,46,0.12668199999999996,0.12650000000000003,-0.00018199999999993222
frame3,62,-0.26247400000000004,-0.26270000000000004,-0.00022600000000000398
frame3,63,-0.12210099999999988,-0.12239999999999998,-0.00029900000000010474
frame3,64,0.052039,0.05330000000000007,0.0012610000000000676
frame3,65,-0.056385000000000025,-0.06819999999999991,-0.011814999999999888
frame3,67,-0.047314000000000064,-0.05329999999999996,-0.005985999999999894
frame3,68,0.6643819999999999,0.6705999999999999,0.006217999999999946
frame3,89,-0.1186269999999999,-0.1187,-7.300000000010076e-05
frame3,91,-0.34001799999999993,-0.3402000000000001,-0.00018200000000018202
frame3,93,0.87977,0.8844,0.004629999999999912
frame3,107,-0.129674,-0.1296,7.40000000000185e-05
frame3,142,-1.245691,-1.2456,9.100000000006325e-05
frame3,143,-0.5157629999999999,-0.5155000000000001,0.0002629999999997912
frame3,144,-0.22083899999999995,-0.221,-0.00016100000000005
frame3,159,0.12714400000000003,0.12700000000000003,-0.00014400000000000523
frame3,161,-0.16233800000000007,-0.16129999999999994,0.0010380000000001222
frame3,179,-0.18121400000000001,-0.18130000000000002,-8.600000000000274e-05
frame3,195,0.011604000000000031,0.01830000000000015,0.0066960000000001185
frame3,196,0.9587770000000002,0.9598000000000001,0.0010229999999998851
frame3,197,0.023812999999999994,0.024899999999999943,0.0010869999999999491
frame3,211,-0.0037039999999999296,-0.004300000000000026,-0.0005960000000000965
frame3,212,0.007378000000000013,0.007200000000000099,-0.00017799999999991434
frame3,213,-0.5811310000000001,-0.5780000000000001,0.003130999999999995
frame3,214,0.7563880000000002,0.7563000000000002,-8.799999999997699e-05
frame3,215,-0.237937,-0.23759999999999998,0.0003370000000000317
frame4,14,0.09814899999999997,0.09790000000000008,-0.0002489999999998882
frame4,42,-0.29515100000000005,-0.2952000000000001,-4.900000000002125e-05
frame4,43,-0.3471930000000001,-0.34739999999999993,-0.0002069999999998462
frame4,44,-0.07318100000000001,-0.07329999999999998,-0.00011899999999996635
frame4,46,0.09853999999999999,0.09839999999999999,-0.00014000000000000123
frame4,62,-0.17863400000000001,-0.17870000000000003,-6.60000000000105e-05
frame4,63,-0.11098099999999994,-0.11260000000000009,-0.001619000000000148
frame4,64,0.11512800000000004,0.11989999999999992,0.0047719999999998874
frame4,65,0.023382000000000014,0.0131,-0.010282000000000013
frame4,67,-0.12986900000000007,-0.1386,-0.008730999999999933
frame4,68,0.6882480000000001,0.7063999999999999,0.018151999999999835
frame4,89,-0.15364699999999992,-0.15360000000000007,4.6999999999852715e-05
frame4,91,-0.3362750000000001,-0.3363000000000001,-2.4999999999997247e-05
frame4,93,0.728998,0.7311,0.0021019999999999373
frame4,107,-0.18573199999999995,-0.18589999999999995,-0.00016800000000000148
frame4,142,-1.271479,-1.2713,0.00017899999999992922
frame4,143,-0.510535,-0.5107,-0.00016500000000008175
frame4,144,-0.21600799999999998,-0.2162,-0.00019200000000002548
frame4,159,0.07795899999999992,0.07800000000000001,4.1000000000096515e-05
frame4,161,-0.14328800000000008,-0.1417,0.0015880000000000893
frame4,179,-0.19369400000000003,-0.19370000000000004,-6.0000000000060005e-06
frame4,195,0.005555000000000004,0.008799999999999919,0.0032449999999999146
frame4,196,0.8445029999999999,0.8447000000000001,0.00019700000000022477
frame4,197,0.028603000000000024,0.028500000000000025,-0.00010299999999999893
frame4,211,-0.048694000000000126,-0.04870000000000002,-5.999999999894978e-06
frame4,212,-0.04287399999999994,-0.04289999999999999,-2.600000000004682e-05
frame4,213,-0.628775,-0.6293,-0.0005249999999999977
frame4,214,0.7619379999999998,0.7621000000000002,0.00016200000000043957
frame4,215,-0.24441100000000007,-0.24329999999999996,0.001111000000000112
